{"type":"Topology","arcs":[[[1,100],[-1,-99]],[[15,99],[-1,-99]],[[50,99],[-3,-99]],[[100,99],[-1,-99]],[[86,99],[-2,-98]],[[74,100],[-2,-100]],[[59,99],[0,-99]],[[23,99],[0,-97]],[[1,103],[99,-3]],[[0,2],[99,-1]],[[36,102],[-1,-100]],[[6,103],[-1,-101]],[[94,100],[-2,-99]],[[1,92],[99,-2]],[[1,81],[100,-3]],[[0,53],[100,-2]],[[1,63],[99,1]],[[1,73],[99,-1]],[[0,10],[100,-2]],[[0,19],[99,1]],[[0,32],[100,0]],[[1,44],[99,0]]],"transform":{"scale":[0.000004469711810776233,0.000002497733878504794],"translate":[-122.42624686526,37.77711161834972]},"objects":{"collection":{"type":"GeometryCollection","geometries":[{"type":"LineString","arcs":[0],"id":0},{"type":"LineString","arcs":[1]},{"type":"LineString","arcs":[2]},{"type":"LineString","arcs":[3],"id":3},{"type":"LineString","arcs":[4]},{"type":"LineString","arcs":[5]},{"type":"LineString","arcs":[6]},{"type":"LineString","arcs":[7]},{"type":"LineString","arcs":[8],"id":8},{"type":"LineString","arcs":[9],"id":9},{"type":"LineString","arcs":[10]},{"type":"LineString","arcs":[11]},{"type":"LineString","arcs":[12]},{"type":"LineString","arcs":[13]},{"type":"LineString","arcs":[14]},{"type":"LineString","arcs":[15]},{"type":"LineString","arcs":[16]},{"type":"LineString","arcs":[17]},{"type":"LineString","arcs":[18]},{"type":"LineString","arcs":[19]},{"type":"LineString","arcs":[20]},{"type":"LineString","arcs":[21]}]}}}